[
    {
        "model": "adopet.tutor",
        "pk": 1,
        "fields": {
            "name": "Oliver Garcia",
            "email": "ymendonca@example.org",
            "password": "+zLtqAMCK2"
        }
    },
    {
        "model": "adopet.tutor",
        "pk": 2,
        "fields": {
            "name": "Vitor Gabriel Abreu",
            "email": "ysousa@example.org",
            "password": "V&Q0bodjGU"
        }
    },
    {
        "model": "adopet.tutor",
        "pk": 3,
        "fields": {
            "name": "Kamilly Pires",
            "email": "limaemilly@example.com",
            "password": "!vUqs%Jgy4"
        }
    },
    {
        "model": "adopet.tutor",
        "pk": 4,
        "fields": {
            "name": "Dr. João Sales",
            "email": "isis47@example.org",
            "password": "!DuYrabX#4"
        }
    },
    {
        "model": "adopet.tutor",
        "pk": 5,
        "fields": {
            "name": "Lucas Gabriel Pacheco",
            "email": "ferreiramurilo@example.org",
            "password": "v!8CxtXZ*^"
        }
    },
    {
        "model": "adopet.tutor",
        "pk": 6,
        "fields": {
            "name": "João Vitor Azevedo",
            "email": "da-motagustavo-henrique@example.com",
            "password": "@3DCXyu)06"
        }
    },
    {
        "model": "adopet.tutor",
        "pk": 7,
        "fields": {
            "name": "Manuela Montenegro",
            "email": "ana-luiza82@example.com",
            "password": "7R%Akr$L%j"
        }
    },
    {
        "model": "adopet.tutor",
        "pk": 8,
        "fields": {
            "name": "Luiz Henrique Sales",
            "email": "pachecojuan@example.org",
            "password": "3RMV^rTH)A"
        }
    },
    {
        "model": "adopet.tutor",
        "pk": 9,
        "fields": {
            "name": "Vitor Cavalcante",
            "email": "francisco59@example.org",
            "password": "o9MqL&R5!S"
        }
    },
    {
        "model": "adopet.tutor",
        "pk": 10,
        "fields": {
            "name": "Sr. Gael Henrique Cunha",
            "email": "maria-sophiaalbuquerque@example.com",
            "password": "At&I&8Qomv"
        }
    },
    {
        "model": "adopet.tutor",
        "pk": 11,
        "fields": {
            "name": "Enrico Alves",
            "email": "qoliveira@example.net",
            "password": "7j98@XjW+_"
        }
    },
    {
        "model": "adopet.tutor",
        "pk": 12,
        "fields": {
            "name": "Alexia Pinto",
            "email": "joaquim03@example.net",
            "password": "&m0vJf8l6g"
        }
    },
    {
        "model": "adopet.tutor",
        "pk": 13,
        "fields": {
            "name": "Srta. Pietra Albuquerque",
            "email": "rochadanilo@example.org",
            "password": "$q8TAwSnG@"
        }
    },
    {
        "model": "adopet.tutor",
        "pk": 14,
        "fields": {
            "name": "Dr. Igor Viana",
            "email": "stephany61@example.com",
            "password": "#69F$WOdZu"
        }
    },
    {
        "model": "adopet.tutor",
        "pk": 15,
        "fields": {
            "name": "Maria Julia Sampaio",
            "email": "tlima@example.com",
            "password": "#1UhY2&4Pi"
        }
    },
    {
        "model": "adopet.tutor",
        "pk": 16,
        "fields": {
            "name": "Rhavi Aragão",
            "email": "bella38@example.com",
            "password": "ZZ(5^4BwbW"
        }
    },
    {
        "model": "adopet.tutor",
        "pk": 17,
        "fields": {
            "name": "Enzo Nunes",
            "email": "catarinavieira@example.net",
            "password": "_(i9SMbl(9"
        }
    },
    {
        "model": "adopet.tutor",
        "pk": 18,
        "fields": {
            "name": "Maria Clara Pimenta",
            "email": "lavinia28@example.net",
            "password": "&)9XlGCv7_"
        }
    },
    {
        "model": "adopet.tutor",
        "pk": 19,
        "fields": {
            "name": "Letícia Sales",
            "email": "riosmariane@example.com",
            "password": "!nXZtmxYJ0"
        }
    },
    {
        "model": "adopet.tutor",
        "pk": 20,
        "fields": {
            "name": "Mariane Fonseca",
            "email": "catarinaalves@example.org",
            "password": "v7w!#XNv#V"
        }
    },
    {
        "model": "adopet.tutor",
        "pk": 21,
        "fields": {
            "name": "Maria Flor Barbosa",
            "email": "lunaabreu@example.com",
            "password": "!lTN4FQd@6"
        }
    },
    {
        "model": "adopet.tutor",
        "pk": 22,
        "fields": {
            "name": "Dr. Henry Siqueira",
            "email": "ramosstella@example.com",
            "password": "_3Oo&b2r+7"
        }
    },
    {
        "model": "adopet.tutor",
        "pk": 23,
        "fields": {
            "name": "Lucca Pimenta",
            "email": "nicolas45@example.net",
            "password": "#5e0YQvwzl"
        }
    },
    {
        "model": "adopet.tutor",
        "pk": 24,
        "fields": {
            "name": "Léo Araújo",
            "email": "tporto@example.com",
            "password": "FYYQk#9n(8"
        }
    },
    {
        "model": "adopet.tutor",
        "pk": 25,
        "fields": {
            "name": "Pietro Martins",
            "email": "pietra78@example.com",
            "password": "cx5Nw1Ec^^"
        }
    },
    {
        "model": "adopet.tutor",
        "pk": 26,
        "fields": {
            "name": "Luiz Miguel Moraes",
            "email": "emanuelteixeira@example.net",
            "password": "K8IImT3P*r"
        }
    },
    {
        "model": "adopet.tutor",
        "pk": 27,
        "fields": {
            "name": "Milena Abreu",
            "email": "cardosodavi-lucca@example.net",
            "password": "^7EB9wnZ0c"
        }
    },
    {
        "model": "adopet.tutor",
        "pk": 28,
        "fields": {
            "name": "Brayan Alves",
            "email": "fonsecaluiz-gustavo@example.org",
            "password": "#GH@N1Bzx2"
        }
    },
    {
        "model": "adopet.tutor",
        "pk": 29,
        "fields": {
            "name": "Yasmin Rodrigues",
            "email": "azevedoayla@example.org",
            "password": "*c2MPL(p&I"
        }
    },
    {
        "model": "adopet.tutor",
        "pk": 30,
        "fields": {
            "name": "Lunna da Cunha",
            "email": "livia33@example.org",
            "password": "L8f1tC5us+"
        }
    },
    {
        "model": "adopet.shelter",
        "pk": 1,
        "fields": {
            "name": "Costa"
        }
    },
    {
        "model": "adopet.shelter",
        "pk": 2,
        "fields": {
            "name": "Garcia"
        }
    },
    {
        "model": "adopet.shelter",
        "pk": 3,
        "fields": {
            "name": "Castro"
        }
    },
    {
        "model": "adopet.shelter",
        "pk": 4,
        "fields": {
            "name": "Santos"
        }
    },
    {
        "model": "adopet.shelter",
        "pk": 5,
        "fields": {
            "name": "da Mota"
        }
    },
    {
        "model": "adopet.shelter",
        "pk": 6,
        "fields": {
            "name": "Moura - ME"
        }
    },
    {
        "model": "adopet.shelter",
        "pk": 7,
        "fields": {
            "name": "da Paz da Rosa S/A"
        }
    },
    {
        "model": "adopet.shelter",
        "pk": 8,
        "fields": {
            "name": "Ribeiro"
        }
    },
    {
        "model": "adopet.shelter",
        "pk": 9,
        "fields": {
            "name": "Farias"
        }
    },
    {
        "model": "adopet.shelter",
        "pk": 10,
        "fields": {
            "name": "Moraes Melo - ME"
        }
    },
    {
        "model": "adopet.pet",
        "pk": 1,
        "fields": {
            "name": "Maria Helena",
            "age": "4 anos",
            "size": "grande",
            "description": "Ativo",
            "address": "Ladeira de Castro, 65\nSanta Sofia\n71661822 Peixoto / RN",
            "adopted": true,
            "image": "https://encrypted-tbn0.gstatic.com/images?q=tbn:ANd9GcQktXg5_v8-L9AslphhrFvphE12SWkGl-_Jig&usqp=CAU",
            "shelter": 3
        }
    },
    {
        "model": "adopet.pet",
        "pk": 2,
        "fields": {
            "name": "João Gabriel",
            "age": "4 anos",
            "size": "grande",
            "description": "Ativo",
            "address": "Quadra Maria Clara Borges, 75\nGameleira\n04142633 Camargo / RO",
            "adopted": false,
            "image": "https://encrypted-tbn0.gstatic.com/images?q=tbn:ANd9GcQktXg5_v8-L9AslphhrFvphE12SWkGl-_Jig&usqp=CAU",
            "shelter": 9
        }
    },
    {
        "model": "adopet.pet",
        "pk": 3,
        "fields": {
            "name": "Amanda",
            "age": "1 anos",
            "size": "grande",
            "description": "Educado",
            "address": "Quadra Teixeira\nCaiçaras\n01149-254 Souza de Minas / RR",
            "adopted": true,
            "image": "https://encrypted-tbn0.gstatic.com/images?q=tbn:ANd9GcQktXg5_v8-L9AslphhrFvphE12SWkGl-_Jig&usqp=CAU",
            "shelter": 3
        }
    },
    {
        "model": "adopet.pet",
        "pk": 4,
        "fields": {
            "name": "Mariana",
            "age": "6 anos",
            "size": "pequeno",
            "description": "Carinhoso",
            "address": "Viaduto Lorenzo Garcia, 361\nCéu Azul\n43917231 Silva da Mata / PR",
            "adopted": true,
            "image": "https://encrypted-tbn0.gstatic.com/images?q=tbn:ANd9GcQktXg5_v8-L9AslphhrFvphE12SWkGl-_Jig&usqp=CAU",
            "shelter": 7
        }
    },
    {
        "model": "adopet.pet",
        "pk": 5,
        "fields": {
            "name": "Henry Gabriel",
            "age": "7 anos",
            "size": "médio",
            "description": "Calmo",
            "address": "Estação de Melo, 426\nJardim São José\n00525955 Alves de Novais / RO",
            "adopted": false,
            "image": "https://encrypted-tbn0.gstatic.com/images?q=tbn:ANd9GcQktXg5_v8-L9AslphhrFvphE12SWkGl-_Jig&usqp=CAU",
            "shelter": 2
        }
    },
    {
        "model": "adopet.pet",
        "pk": 6,
        "fields": {
            "name": "Matheus",
            "age": "2 anos",
            "size": "médio",
            "description": "Brincalhão",
            "address": "Viela de Câmara, 95\nAtila De Paiva\n47219342 da Cunha do Galho / RS",
            "adopted": false,
            "image": "https://encrypted-tbn0.gstatic.com/images?q=tbn:ANd9GcQktXg5_v8-L9AslphhrFvphE12SWkGl-_Jig&usqp=CAU",
            "shelter": 6
        }
    },
    {
        "model": "adopet.pet",
        "pk": 7,
        "fields": {
            "name": "Kevin",
            "age": "6 anos",
            "size": "pequeno",
            "description": "Calmo",
            "address": "Rodovia de Moura\nCopacabana\n55644177 Almeida / BA",
            "adopted": false,
            "image": "https://encrypted-tbn0.gstatic.com/images?q=tbn:ANd9GcQktXg5_v8-L9AslphhrFvphE12SWkGl-_Jig&usqp=CAU",
            "shelter": 1
        }
    },
    {
        "model": "adopet.pet",
        "pk": 8,
        "fields": {
            "name": "Laura",
            "age": "3 anos",
            "size": "grande",
            "description": "Brincalhão",
            "address": "Vale Lopes, 39\nVila Satélite\n30042-878 Cavalcante do Amparo / RN",
            "adopted": false,
            "image": "https://encrypted-tbn0.gstatic.com/images?q=tbn:ANd9GcQktXg5_v8-L9AslphhrFvphE12SWkGl-_Jig&usqp=CAU",
            "shelter": 10
        }
    },
    {
        "model": "adopet.pet",
        "pk": 9,
        "fields": {
            "name": "Raquel",
            "age": "5 anos",
            "size": "médio",
            "description": "Brincalhão",
            "address": "Esplanada Maria Vitória Santos, 26\nGranja De Freitas\n19767602 Sousa / RJ",
            "adopted": false,
            "image": "https://encrypted-tbn0.gstatic.com/images?q=tbn:ANd9GcQktXg5_v8-L9AslphhrFvphE12SWkGl-_Jig&usqp=CAU",
            "shelter": 6
        }
    },
    {
        "model": "adopet.pet",
        "pk": 10,
        "fields": {
            "name": "Lorena",
            "age": "1 anos",
            "size": "grande",
            "description": "Carinhoso",
            "address": "Campo de Azevedo, 18\nConjunto Taquaril\n43466-556 Ribeiro da Serra / MT",
            "adopted": false,
            "image": "https://encrypted-tbn0.gstatic.com/images?q=tbn:ANd9GcQktXg5_v8-L9AslphhrFvphE12SWkGl-_Jig&usqp=CAU",
            "shelter": 10
        }
    },
    {
        "model": "adopet.pet",
        "pk": 11,
        "fields": {
            "name": "Theodoro",
            "age": "1 anos",
            "size": "médio",
            "description": "Educado",
            "address": "Via de Barbosa, 5\nCastelo\n72573-351 Lima / AM",
            "adopted": false,
            "image": "https://encrypted-tbn0.gstatic.com/images?q=tbn:ANd9GcQktXg5_v8-L9AslphhrFvphE12SWkGl-_Jig&usqp=CAU",
            "shelter": 5
        }
    },
    {
        "model": "adopet.pet",
        "pk": 12,
        "fields": {
            "name": "Théo",
            "age": "7 anos",
            "size": "médio/grande",
            "description": "Educado",
            "address": "Viela Siqueira, 76\nVila Tirol\n37354-600 Pimenta Verde / ES",
            "adopted": false,
            "image": "https://encrypted-tbn0.gstatic.com/images?q=tbn:ANd9GcQktXg5_v8-L9AslphhrFvphE12SWkGl-_Jig&usqp=CAU",
            "shelter": 8
        }
    },
    {
        "model": "adopet.pet",
        "pk": 13,
        "fields": {
            "name": "Brenda",
            "age": "3 anos",
            "size": "médio/grande",
            "description": "Calmo",
            "address": "Morro de Aparecida, 54\nVila Paraíso\n83785178 Abreu da Prata / MS",
            "adopted": false,
            "image": "https://encrypted-tbn0.gstatic.com/images?q=tbn:ANd9GcQktXg5_v8-L9AslphhrFvphE12SWkGl-_Jig&usqp=CAU",
            "shelter": 10
        }
    },
    {
        "model": "adopet.pet",
        "pk": 14,
        "fields": {
            "name": "Esther",
            "age": "1 anos",
            "size": "médio",
            "description": "Ativo",
            "address": "Viaduto Pacheco, 18\nVila Paraíso\n39903021 Albuquerque / SP",
            "adopted": true,
            "image": "https://encrypted-tbn0.gstatic.com/images?q=tbn:ANd9GcQktXg5_v8-L9AslphhrFvphE12SWkGl-_Jig&usqp=CAU",
            "shelter": 9
        }
    },
    {
        "model": "adopet.pet",
        "pk": 15,
        "fields": {
            "name": "José Pedro",
            "age": "4 anos",
            "size": "médio/grande",
            "description": "Brincalhão",
            "address": "Colônia Pires, 421\nHorto Florestal\n49165792 Vasconcelos / MS",
            "adopted": true,
            "image": "https://encrypted-tbn0.gstatic.com/images?q=tbn:ANd9GcQktXg5_v8-L9AslphhrFvphE12SWkGl-_Jig&usqp=CAU",
            "shelter": 3
        }
    },
    {
        "model": "adopet.pet",
        "pk": 16,
        "fields": {
            "name": "Ana Júlia",
            "age": "7 anos",
            "size": "pequeno",
            "description": "Carinhoso",
            "address": "Esplanada de Machado, 6\nDas Industrias I\n06720-265 Gomes / PR",
            "adopted": false,
            "image": "https://encrypted-tbn0.gstatic.com/images?q=tbn:ANd9GcQktXg5_v8-L9AslphhrFvphE12SWkGl-_Jig&usqp=CAU",
            "shelter": 9
        }
    },
    {
        "model": "adopet.pet",
        "pk": 17,
        "fields": {
            "name": "Yan",
            "age": "2 anos",
            "size": "médio/grande",
            "description": "Educado",
            "address": "Campo de Caldeira, 21\nBuraco Quente\n30846-566 Machado / PA",
            "adopted": false,
            "image": "https://encrypted-tbn0.gstatic.com/images?q=tbn:ANd9GcQktXg5_v8-L9AslphhrFvphE12SWkGl-_Jig&usqp=CAU",
            "shelter": 10
        }
    },
    {
        "model": "adopet.pet",
        "pk": 18,
        "fields": {
            "name": "Luara",
            "age": "9 anos",
            "size": "médio",
            "description": "Brincalhão",
            "address": "Via Oliveira, 94\nLorena\n99052876 da Conceição da Serra / MT",
            "adopted": false,
            "image": "https://encrypted-tbn0.gstatic.com/images?q=tbn:ANd9GcQktXg5_v8-L9AslphhrFvphE12SWkGl-_Jig&usqp=CAU",
            "shelter": 3
        }
    },
    {
        "model": "adopet.pet",
        "pk": 19,
        "fields": {
            "name": "Rhavi",
            "age": "5 anos",
            "size": "médio/grande",
            "description": "Ativo",
            "address": "Chácara Pedro Aragão, 9\nVila Havaí\n54004-321 Rodrigues / AC",
            "adopted": false,
            "image": "https://encrypted-tbn0.gstatic.com/images?q=tbn:ANd9GcQktXg5_v8-L9AslphhrFvphE12SWkGl-_Jig&usqp=CAU",
            "shelter": 7
        }
    },
    {
        "model": "adopet.pet",
        "pk": 20,
        "fields": {
            "name": "Ana Lívia",
            "age": "5 anos",
            "size": "médio/grande",
            "description": "Ativo",
            "address": "Fazenda de Guerra, 6\nGameleira\n45152020 Souza / MS",
            "adopted": false,
            "image": "https://encrypted-tbn0.gstatic.com/images?q=tbn:ANd9GcQktXg5_v8-L9AslphhrFvphE12SWkGl-_Jig&usqp=CAU",
            "shelter": 7
        }
    },
    {
        "model": "adopet.pet",
        "pk": 21,
        "fields": {
            "name": "Josué",
            "age": "2 anos",
            "size": "médio",
            "description": "Ativo",
            "address": "Vila Mendes, 23\nFlavio Marques Lisboa\n07434-348 Vargas de Silveira / AM",
            "adopted": false,
            "image": "https://encrypted-tbn0.gstatic.com/images?q=tbn:ANd9GcQktXg5_v8-L9AslphhrFvphE12SWkGl-_Jig&usqp=CAU",
            "shelter": 9
        }
    },
    {
        "model": "adopet.pet",
        "pk": 22,
        "fields": {
            "name": "João Miguel",
            "age": "2 anos",
            "size": "médio",
            "description": "Educado",
            "address": "Sítio da Luz, 39\nVila Minaslandia\n82798-538 Sá / PA",
            "adopted": true,
            "image": "https://encrypted-tbn0.gstatic.com/images?q=tbn:ANd9GcQktXg5_v8-L9AslphhrFvphE12SWkGl-_Jig&usqp=CAU",
            "shelter": 3
        }
    },
    {
        "model": "adopet.pet",
        "pk": 23,
        "fields": {
            "name": "Maria Fernanda",
            "age": "9 anos",
            "size": "médio",
            "description": "Ativo",
            "address": "Feira de Monteiro, 83\nVila Satélite\n58389604 Melo de Câmara / MA",
            "adopted": true,
            "image": "https://encrypted-tbn0.gstatic.com/images?q=tbn:ANd9GcQktXg5_v8-L9AslphhrFvphE12SWkGl-_Jig&usqp=CAU",
            "shelter": 5
        }
    },
    {
        "model": "adopet.pet",
        "pk": 24,
        "fields": {
            "name": "Isabela",
            "age": "8 anos",
            "size": "grande",
            "description": "Ativo",
            "address": "Morro Ayla Sampaio, 690\nPilar\n89590901 Novaes / TO",
            "adopted": true,
            "image": "https://encrypted-tbn0.gstatic.com/images?q=tbn:ANd9GcQktXg5_v8-L9AslphhrFvphE12SWkGl-_Jig&usqp=CAU",
            "shelter": 10
        }
    },
    {
        "model": "adopet.pet",
        "pk": 25,
        "fields": {
            "name": "Natália",
            "age": "1 anos",
            "size": "médio/grande",
            "description": "Carinhoso",
            "address": "Conjunto de da Luz, 5\nJoão Paulo Ii\n25103106 Azevedo de Melo / SE",
            "adopted": true,
            "image": "https://encrypted-tbn0.gstatic.com/images?q=tbn:ANd9GcQktXg5_v8-L9AslphhrFvphE12SWkGl-_Jig&usqp=CAU",
            "shelter": 3
        }
    },
    {
        "model": "adopet.adoption",
        "pk": 1,
        "fields": {
            "date": "2024-10-11",
            "pet": 4,
            "tutor": 9
        }
    },
    {
        "model": "adopet.adoption",
        "pk": 2,
        "fields": {
            "date": "2024-10-11",
            "pet": 25,
            "tutor": 12
        }
    },
    {
        "model": "adopet.adoption",
        "pk": 3,
        "fields": {
            "date": "2024-10-11",
            "pet": 24,
            "tutor": 7
        }
    },
    {
        "model": "adopet.adoption",
        "pk": 4,
        "fields": {
            "date": "2024-10-11",
            "pet": 3,
            "tutor": 25
        }
    },
    {
        "model": "adopet.adoption",
        "pk": 5,
        "fields": {
            "date": "2024-10-11",
            "pet": 22,
            "tutor": 15
        }
    },
    {
        "model": "adopet.adoption",
        "pk": 6,
        "fields": {
            "date": "2024-10-11",
            "pet": 1,
            "tutor": 25
        }
    },
    {
        "model": "adopet.adoption",
        "pk": 7,
        "fields": {
            "date": "2024-10-11",
            "pet": 23,
            "tutor": 14
        }
    },
    {
        "model": "adopet.adoption",
        "pk": 8,
        "fields": {
            "date": "2024-10-11",
            "pet": 4,
            "tutor": 7
        }
    },
    {
        "model": "adopet.adoption",
        "pk": 9,
        "fields": {
            "date": "2024-10-11",
            "pet": 15,
            "tutor": 7
        }
    },
    {
        "model": "adopet.adoption",
        "pk": 10,
        "fields": {
            "date": "2024-10-11",
            "pet": 14,
            "tutor": 4
        }
    }
]